Country,Inbound,Outbound,Year
Afghanistan,147,106,2010
Albania,1778,1452,2010
Algeria,324,716,2010
American Samoa,..,..,2010
Andorra,..,..,2010
Angola,726,275,2010
Anguilla,..,..,2010
Antigua And Barbuda,..,..,2010
Argentina,5605,6448,2010
Armenia,694,641,2010
Aruba,1254,261,2010
Australia,31064,27851,2010
Austria,..,..,2010
Azerbaijan,792,856,2010
Bahamas,2159,369,2010
Bahrain,2163,684,2010
Bangladesh,103,835,2010
Barbados,1041,145,2010
Belarus,665,748,2010
Belgium,12680,20884,2010
Belize,..,39,2010
Benin,149.4,91,2010
Bermuda,..,417,2010
Bhutan,64,43,2010
"Bolivia, Plurinational State Of",339,421,2010
Bonaire,..,..,2010
Bosnia And Herzegovina,662,247,2010
Botswana,440.1,298.5,2010
Brazil,5522,18883,2010
British Virgin Islands,389,..,2010
Brunei Darussalam,..,..,2010
Bulgaria,3807,975,2010
Burkina Faso,105,110,2010
Burundi,2.1,35,2010
Cabo Verde,387,138,2010
Cambodia,1671,131,2010
Cameroon,171,265,2010
Canada,18440,37225,2010
Cayman Islands,465,129,2010
Central African Republic,14.4,67,2010
Chad,..,..,2010
Chile,2362,1736,2010
China,..,..,2010
Colombia,3473,3228,2010
Comoros,35.2,33.2,2010
Congo,39,312,2010
"Congo, Democratic Republic Of The",..,..,2010
Cook Islands,111,8,2010
Costa Rica,2426,629,2010
Cote D�Ivoire,213,569,2010
Croatia,8299,861,2010
Cuba,2396,..,2010
Cura�ao,438,282,2010
Cyprus,2137,1320,2010
Czech Republic (Czechia),8068,4354,2010
Denmark,..,..,2010
Djibouti,..,20.5,2010
Dominica,..,..,2010
Dominican Republic,..,662,2010
Ecuador,786,863,2010
Egypt,13633,2696,2010
El Salvador,646,280,2010
Equatorial Guinea,..,..,2010
Eritrea,..,..,2010
Estonia,..,..,2010
Eswatini,51.4,87,2010
Ethiopia,1434,..,2010
Fiji,825,102,2010
Finland,4496,5268,2010
France,56178,46695,2010
French Guiana,..,..,2010
French Polynesia,630,335,2010
Gabon,89,560,2010
Gambia,80,14,2010
Georgia,737,329,2010
Germany,49116,90866,2010
Ghana,706,882,2010
Greece,13857,3400,2010
Grenada,..,..,2010
Guadeloupe,510,..,2010
Guam,..,..,2010
Guatemala,1053.3,843,2010
Guinea,2.04,16,2010
Guinea-Bissau,13.6,29.5,2010
Guyana,..,..,2010
Haiti,..,431,2010
Honduras,626.7,406,2010
"Hong Kong, China",27208,..,2010
Hungary,6595,2897,2010
Iceland,..,..,2010
India,..,..,2010
Indonesia,7618,8432,2010
"Iran, Islamic Republic Of",2631,10570,2010
Iraq,1736,1675,2010
Ireland,8185,7176,2010
Israel,5638,4683,2010
Italy,..,..,2010
Jamaica,2095,235,2010
Japan,15356,39306,2010
Jordan,4390,1736,2010
Kazakhstan,1236,1489,2010
Kenya,1620,..,2010
Kiribati,..,..,2010
"Korea, Democratic People�S Republic Of",..,..,2010
"Korea, Republic Of",14315,20788,2010
Kuwait,574,7106,2010
Kyrgyzstan,212,275,2010
Lao People�S Democratic Republic,385,215,2010
Latvia,..,..,2010
Lebanon,8026,4868,2010
Lesotho,..,278,2010
Liberia,..,..,2010
Libya,170,2184,2010
Liechtenstein,..,..,2010
Lithuania,..,..,2010
Luxembourg,6056.813666,2536.270978,2010
"Macao, China",22688,883,2010
Madagascar,425,216,2010
Malawi,45,90,2010
Malaysia,19619,9258,2010
Maldives,..,252,2010
Mali,208,167,2010
Malta,..,..,2010
Marshall Islands,3.7,21.99,2010
Martinique,472,..,2010
Mauritania,..,..,2010
Mauritius,1585,423,2010
Mexico,12628,9001,2010
"Micronesia, Federated States Of",..,28,2010
"Moldova, Republic Of",222,298,2010
Monaco,..,..,2010
Mongolia,288,319,2010
Montenegro,765,72,2010
Montserrat,..,..,2010
Morocco,8176,1879,2010
Mozambique,135,247,2010
Myanmar,91,..,2010
Namibia,471,42,2010
Nauru,..,..,2010
Nepal,378,528,2010
Netherlands,..,..,2010
New Caledonia,226,343,2010
New Zealand,..,..,2010
Nicaragua,..,225,2010
Niger,105.5,95,2010
Nigeria,736,8348,2010
Niue,2.2,..,2010
North Macedonia,199,131,2010
Northern Mariana Islands,..,..,2010
Norway,5299,14658,2010
Oman,1072,1243,2010
Pakistan,998,1370,2010
Palau,76,15.2,2010
Panama,2621,575,2010
Papua New Guinea,2.4,138,2010
Paraguay,243,261,2010
Peru,2475,1648,2010
Philippines,3441,5964,2010
Poland,9875,8888,2010
Portugal,12984,4692,2010
Puerto Rico,3211,1182,2010
Qatar,..,..,2010
Reunion,389,..,2010
Romania,1631,1897,2010
Russian Federation,13239,30169,2010
Rwanda,224,120,2010
Saba,..,..,2010
Saint Kitts And Nevis,..,..,2010
Saint Lucia,..,..,2010
Saint Vincent And The Grenadines,..,..,2010
Samoa,123.7,25.2,2010
San Marino,..,..,2010
Sao Tome And Principe,..,0.55,2010
Saudi Arabia,7536,22076,2010
Senegal,464,217,2010
Serbia,950,1103,2010
Serbia And Montenegro,..,..,2010
Seychelles,352,63,2010
Sierra Leone,..,22,2010
Singapore,..,..,2010
Sint Eustatius,..,..,2010
Sint Maarten (Dutch Part),681,105,2010
Slovakia,2334,2146,2010
Slovenia,2808,1642,2010
Solomon Islands,50.8,51.2,2010
Somalia,..,..,2010
South Africa,10309,8139,2010
South Sudan,..,..,2010
Spain,..,..,2010
Sri Lanka,1044,828,2010
State Of Palestine,..,521,2010
Sudan,..,..,2010
Suriname,69,41,2010
Sweden,10674,13973,2010
Switzerland,17883,14332,2010
Syrian Arab Republic,6308,1598,2010
Taiwan Province Of China,10387,10700,2010
Tajikistan,141.5,35.4,2010
"Tanzania, United Republic Of",1279,861,2010
Thailand,23796,7155,2010
Timor-Leste,..,68,2010
Togo,105,89,2010
Tonga,17.3,21.6,2010
Trinidad And Tobago,630,97,2010
Tunisia,3477,611,2010
T�rkiye,26318,5817,2010
Turkmenistan,..,..,2010
Turks And Caicos Islands,..,..,2010
Tuvalu,..,8.7,2010
Uganda,802,464,2010
Ukraine,4696,4134,2010
United Arab Emirates,8577,11818,2010
United Kingdom,..,..,2010
United States Of America,161821,123831,2010
United States Virgin Islands,1223,..,2010
Uruguay,1669,549,2010
Uzbekistan,..,..,2010
Vanuatu,242,34,2010
"Venezuela, Bolivarian Republic Of",885,2944,2010
Viet Nam,4450,1470,2010
Yemen,1291,252,2010
Zambia,..,167,2010
Zimbabwe,135,203,2010
Afghanistan,165,255,2011
Albania,1833,1677,2011
Algeria,300,595,2011
American Samoa,..,..,2011
Andorra,..,..,2011
Angola,653,323,2011
Anguilla,..,..,2011
Antigua And Barbuda,..,..,2011
Argentina,6058,7602,2011
Armenia,762,756,2011
Aruba,1358,287,2011
Australia,34315,33967,2011
Austria,..,..,2011
Azerbaijan,1500,1778,2011
Bahamas,2157,347,2011
Bahrain,1766,899,2011
Bangladesh,97,819,2011
Barbados,984,114,2011
Belarus,747,729,2011
Belgium,14114,22836,2011
Belize,..,37,2011
Benin,201,81,2011
Bermuda,500,326,2011
Bhutan,76,58,2011
"Bolivia, Plurinational State Of",499,410,2011
Bonaire,..,..,2011
Bosnia And Herzegovina,722,214,2011
Botswana,468.3,316.48,2011
Brazil,6370,24608,2011
British Virgin Islands,388,..,2011
Brunei Darussalam,..,..,2011
Bulgaria,4297,1063,2011
Burkina Faso,116,129,2011
Burundi,3.7,49,2011
Cabo Verde,438,142,2011
Cambodia,2258,344,2011
Cameroon,423,622,2011
Canada,19994,41247,2011
Cayman Islands,472,145,2011
Central African Republic,15,68,2011
Chad,..,..,2011
Chile,2723,2085,2011
China,..,..,2011
Colombia,3841,3689,2011
Comoros,42.2,37.4,2011
Congo,47,327,2011
"Congo, Democratic Republic Of The",..,..,2011
Cook Islands,120,22,2011
Costa Rica,2646,620,2011
Cote D�Ivoire,186,580,2011
Croatia,9598,918,2011
Cuba,2503,..,2011
Cura�ao,540,321,2011
Cyprus,2603,1366,2011
Czech Republic (Czechia),8930,4876,2011
Denmark,..,..,2011
Djibouti,..,33.5,2011
Dominica,..,..,2011
Dominican Republic,..,689,2011
Ecuador,849,917,2011
Egypt,9333,2575,2011
El Salvador,729,244,2011
Equatorial Guinea,..,..,2011
Eritrea,..,..,2011
Estonia,..,..,2011
Eswatini,10.1,35,2011
Ethiopia,1998,..,2011
Fiji,955,116,2011
Finland,5615,6013,2011
France,66133,55509,2011
French Guiana,..,..,2011
French Polynesia,725,327,2011
Gabon,25.4,658,2011
Gambia,86,16,2011
Georgia,1069,384,2011
Germany,53465,99909,2011
Ghana,797,1026,2011
Greece,16269,3809,2011
Grenada,..,..,2011
Guadeloupe,582,..,2011
Guam,..,..,2011
Guatemala,1077.4,883,2011
Guinea,2.12,49.2,2011
Guinea-Bissau,14.5,38.6,2011
Guyana,..,..,2011
Haiti,..,458,2011
Honduras,641.5,446,2011
"Hong Kong, China",33169,..,2011
Hungary,7239,3048,2011
Iceland,..,..,2011
India,..,..,2011
Indonesia,9038,8653,2011
"Iran, Islamic Republic Of",2489,10555,2011
Iraq,1557,1879,2011
Ireland,9532,6842,2011
Israel,5886,4874,2011
Italy,..,..,2011
Jamaica,2060,213,2011
Japan,12533,39760,2011
Jordan,4351,1280,2011
Kazakhstan,1524,1831,2011
Kenya,1844,..,2011
Kiribati,..,..,2011
"Korea, Democratic People�S Republic Of",..,..,2011
"Korea, Republic Of",17329,22195,2011
Kuwait,644,8879,2011
Kyrgyzstan,405,392,2011
Lao People�S Democratic Republic,413,248,2011
Latvia,..,..,2011
Lebanon,6797,4440,2011
Lesotho,..,300,2011
Liberia,..,..,2011
Libya,..,..,2011
Liechtenstein,..,..,2011
Lithuania,..,..,2011
Luxembourg,7395.064335,2726.879315,2011
"Macao, China",31118,1064,2011
Madagascar,507,288,2011
Malawi,36,92,2011
Malaysia,21338,11136,2011
Maldives,1966,231,2011
Mali,218,171,2011
Malta,..,..,2011
Marshall Islands,4.78,23.8,2011
Martinique,516,..,2011
Mauritania,..,..,2011
Mauritius,1808,427,2011
Mexico,12458,9704,2011
"Micronesia, Federated States Of",..,27,2011
"Moldova, Republic Of",253,349,2011
Monaco,..,..,2011
Mongolia,197,460,2011
Montenegro,926,70,2011
Montserrat,..,..,2011
Morocco,9101,2260,2011
Mozambique,171,264,2011
Myanmar,334,132,2011
Namibia,516,55,2011
Nauru,..,..,2011
Nepal,415,420,2011
Netherlands,..,..,2011
New Caledonia,285,356,2011
New Zealand,..,..,2011
Nicaragua,..,240,2011
Niger,54,57,2011
Nigeria,688,9533,2011
Niue,..,..,2011
North Macedonia,242,159,2011
Northern Mariana Islands,..,..,2011
Norway,6565,16958,2011
Oman,1515,1493,2011
Pakistan,1127,1857,2011
Palau,94,17,2011
Panama,3630,679,2011
Papua New Guinea,5.1,186,2011
Paraguay,261,308,2011
Peru,2814,1768,2011
Philippines,4053,6055,2011
Poland,11471,8672,2011
Portugal,14911,4951,2011
Puerto Rico,3143,1202,2011
Qatar,4463,7813,2011
Reunion,479,..,2011
Romania,2016,2294,2011
Russian Federation,16961,37343,2011
Rwanda,298,142,2011
Saba,..,..,2011
Saint Kitts And Nevis,..,..,2011
Saint Lucia,..,..,2011
Saint Vincent And The Grenadines,..,..,2011
Samoa,134.9,22.3,2011
San Marino,..,..,2011
Sao Tome And Principe,..,1.35,2011
Saudi Arabia,9317,18202,2011
Senegal,525,250,2011
Serbia,1149,1263,2011
Serbia And Montenegro,..,..,2011
Seychelles,380,65,2011
Sierra Leone,..,26,2011
Singapore,..,..,2011
Sint Eustatius,..,..,2011
Sint Maarten (Dutch Part),729,112,2011
Slovakia,2515,2450,2011
Slovenia,3048,1727,2011
Solomon Islands,65.9,66,2011
Somalia,..,..,2011
South Africa,10706,8339,2011
South Sudan,..,..,2011
Spain,..,..,2011
Sri Lanka,1421,926,2011
State Of Palestine,..,603,2011
Sudan,..,..,2011
Suriname,69,49,2011
Sweden,..,..,2011
Switzerland,20809,17538,2011
Syrian Arab Republic,1816,850,2011
Taiwan Province Of China,13067,11701,2011
Tajikistan,184.1,31.4,2011
"Tanzania, United Republic Of",1383,928,2011
Thailand,30924,7534,2011
Timor-Leste,..,62,2011
Togo,209,81,2011
Tonga,32.5,23.4,2011
Trinidad And Tobago,650,188,2011
Tunisia,2529,678,2011
T�rkiye,30302,5372,2011
Turkmenistan,..,..,2011
Turks And Caicos Islands,..,..,2011
Tuvalu,..,11.45,2011
Uganda,977,540,2011
Ukraine,5406,4829,2011
United Arab Emirates,9204,13206,2011
United Kingdom,..,..,2011
United States Of America,178935,130606,2011
United States Virgin Islands,1122,..,2011
Uruguay,2401,797,2011
Uzbekistan,..,..,2011
Vanuatu,249,39,2011
"Venezuela, Bolivarian Republic Of",806,3994,2011
Viet Nam,5710,1710,2011
Yemen,910,258,2011
Zambia,..,223,2011
Zimbabwe,164,317,2011
Afghanistan,167,110,2012
Albania,1623,1374,2012
Algeria,295,598,2012
American Samoa,..,..,2012
Andorra,..,..,2012
Angola,711,288,2012
Anguilla,..,..,2012
Antigua And Barbuda,..,..,2012
Argentina,5665,8466,2012
Armenia,853,874,2012
Aruba,1412,294,2012
Australia,34137,35226,2012
Austria,..,..,2012
Azerbaijan,2634,2617,2012
Bahamas,2333,384,2012
Bahrain,1752,975,2012
Bangladesh,105,889,2012
Barbados,947,100,2012
Belarus,986,948,2012
Belgium,13704,22357,2012
Belize,..,39,2012
Benin,174,96,2012
Bermuda,448,327,2012
Bhutan,93,69,2012
"Bolivia, Plurinational State Of",631,502,2012
Bonaire,..,..,2012
Bosnia And Herzegovina,686,196,2012
Botswana,515.6,332,2012
Brazil,6623,26008,2012
British Virgin Islands,398,..,2012
Brunei Darussalam,..,..,2012
Bulgaria,3975,1096,2012
Burkina Faso,128,146,2012
Burundi,..,..,2012
Cabo Verde,452,135,2012
Cambodia,2663,406,2012
Cameroon,377,668,2012
Canada,..,..,2012
Cayman Islands,489,183,2012
Central African Republic,15,69,2012
Chad,..,..,2012
Chile,3158,2400,2012
China,..,..,2012
Colombia,4409,4461,2012
Comoros,39.3,36.3,2012
Congo,68,308,2012
"Congo, Democratic Republic Of The",..,..,2012
Cook Islands,129,22,2012
Costa Rica,2773,647,2012
Cote D�Ivoire,172.5,560,2012
Croatia,8912,962,2012
Cuba,2614,..,2012
Cura�ao,676,357,2012
Cyprus,2603,1318,2012
Czech Republic (Czechia),8174,4556,2012
Denmark,..,..,2012
Djibouti,..,29.6,2012
Dominica,..,..,2012
Dominican Republic,..,690,2012
Ecuador,1039,944,2012
Egypt,10823,3037,2012
El Salvador,900,287,2012
Equatorial Guinea,..,..,2012
Eritrea,..,..,2012
Estonia,..,..,2012
Eswatini,29.1,53,2012
Ethiopia,1980,..,2012
Fiji,989,110,2012
Finland,5418,5841,2012
France,63975,50068,2012
French Guiana,..,..,2012
French Polynesia,720,300,2012
Gabon,39.5,441,2012
Gambia,104,13,2012
Georgia,1565,471,2012
Germany,51626,96196,2012
Ghana,1154,976,2012
Greece,14665,3005,2012
Grenada,..,..,2012
Guadeloupe,..,..,2012
Guam,..,..,2012
Guatemala,1110,926,2012
Guinea,1.68,41.7,2012
Guinea-Bissau,6.8,24.5,2012
Guyana,..,..,2012
Haiti,..,473,2012
Honduras,683.7,549,2012
"Hong Kong, China",37098,..,2012
Hungary,6149,2457,2012
Iceland,..,..,2012
India,18340,14107,2012
Indonesia,9463,9055,2012
"Iran, Islamic Republic Of",2483,8435,2012
Iraq,1640,2363,2012
Ireland,9255,5895,2012
Israel,6183,5008,2012
Italy,..,..,2012
Jamaica,..,418,2012
Japan,16197,40967,2012
Jordan,5123,1257,2012
Kazakhstan,2154,3609,2012
Kenya,2004,..,2012
Kiribati,..,..,2012
"Korea, Democratic People�S Republic Of",..,..,2012
"Korea, Republic Of",18731,22934,2012
Kuwait,780,10073,2012
Kyrgyzstan,486,529,2012
Lao People�S Democratic Republic,461,614,2012
Latvia,..,..,2012
Lebanon,7361,4511,2012
Lesotho,..,252,2012
Liberia,..,..,2012
Libya,..,2654,2012
Liechtenstein,..,..,2012
Lithuania,..,..,2012
Luxembourg,7317.405958,2439.346025,2012
"Macao, China",36593,1155,2012
Madagascar,596,235,2012
Malawi,35,96,2012
Malaysia,21711,13165,2012
Maldives,2032,207,2012
Mali,144,164,2012
Malta,..,..,2012
Marshall Islands,4.09,25.5,2012
Martinique,462,..,2012
Mauritania,50,101,2012
Mauritius,1778,394,2012
Mexico,13320,10735,2012
"Micronesia, Federated States Of",..,30,2012
"Moldova, Republic Of",279,396,2012
Monaco,..,..,2012
Mongolia,215,558,2012
Montenegro,860,67,2012
Montserrat,..,..,2012
Morocco,8491,2095,2012
Mozambique,224,247,2012
Myanmar,550,265,2012
Namibia,416,53,2012
Nauru,..,..,2012
Nepal,379,562,2012
Netherlands,17675,20094,2012
New Caledonia,288,336,2012
New Zealand,..,..,2012
Nicaragua,..,241,2012
Niger,51,132,2012
Nigeria,638,9240,2012
Niue,..,..,2012
North Macedonia,237,153,2012
Northern Mariana Islands,..,..,2012
Norway,6784,18131,2012
Oman,1723,1644,2012
Pakistan,1014,1851,2012
Palau,109,19.4,2012
Panama,4585,591,2012
Papua New Guinea,..,203,2012
Paraguay,291,363,2012
Peru,3074,1900,2012
Philippines,4963,7140,2012
Poland,11704,8911,2012
Portugal,14578,4482,2012
Puerto Rico,3193,1162,2012
Qatar,7220,10702,2012
Reunion,404,..,2012
Romania,1904,2108,2012
Russian Federation,17876,48096,2012
Rwanda,337,133,2012
Saba,..,..,2012
Saint Kitts And Nevis,..,..,2012
Saint Lucia,..,..,2012
Saint Vincent And The Grenadines,..,..,2012
Samoa,148.2,22.3,2012
San Marino,..,..,2012
Sao Tome And Principe,..,3.2,2012
Saudi Arabia,8400,17986,2012
Senegal,469,248,2012
Serbia,1080,1188,2012
Serbia And Montenegro,..,..,2012
Seychelles,429,58,2012
Sierra Leone,..,32,2012
Singapore,..,..,2012
Sint Eustatius,..,..,2012
Sint Maarten (Dutch Part),854,120,2012
Slovakia,2365,2309,2012
Slovenia,2793,1508,2012
Solomon Islands,65.4,68.1,2012
Somalia,..,..,2012
South Africa,11202,7049,2012
South Sudan,..,..,2012
Spain,..,..,2012
Sri Lanka,1756,1219,2012
State Of Palestine,..,647,2012
Sudan,..,..,2012
Suriname,79,58,2012
Sweden,..,..,2012
Switzerland,19567,18878,2012
Syrian Arab Republic,..,..,2012
Taiwan Province Of China,14115,12444,2012
Tajikistan,286.6,36.5,2012
"Tanzania, United Republic Of",1754,1003,2012
Thailand,34565,8095,2012
Timor-Leste,..,92,2012
Togo,206,46,2012
Tonga,40,28.5,2012
Trinidad And Tobago,852,223,2012
Tunisia,2931,673,2012
T�rkiye,31566,4585,2012
Turkmenistan,..,..,2012
Turks And Caicos Islands,..,..,2012
Tuvalu,..,11.5,2012
Uganda,1157,642,2012
Ukraine,5988,5536,2012
United Arab Emirates,10924,15072,2012
United Kingdom,..,..,2012
United States Of America,195113,138167,2012
United States Virgin Islands,1210,..,2012
Uruguay,2666,1043,2012
Uzbekistan,..,..,2012
Vanuatu,268,43,2012
"Venezuela, Bolivarian Republic Of",904,4592,2012
Viet Nam,6850,1856,2012
Yemen,1005,148,2012
Zambia,..,303,2012
Zimbabwe,174,387,2012
Afghanistan,179,138,2013
Albania,1670,1567,2013
Algeria,326,531,2013
American Samoa,..,..,2013
Andorra,..,..,2013
Angola,1241,316,2013
Anguilla,..,..,2013
Antigua And Barbuda,..,..,2013
Argentina,5199,8421,2013
Armenia,905,1007,2013
Aruba,1506,342,2013
Australia,35159,40732,2013
Austria,..,..,2013
Azerbaijan,2618,3032,2013
Bahamas,2305,362,2013
Bahrain,1875,1001,2013
Bangladesh,131,1308,2013
Barbados,988,102,2013
Belarus,1156,1333,2013
Belgium,14534,24507,2013
Belize,..,42,2013
Benin,193,39.5,2013
Bermuda,447,322,2013
Bhutan,116,67,2013
"Bolivia, Plurinational State Of",639,660,2013
Bonaire,..,..,2013
Bosnia And Herzegovina,752,198,2013
Botswana,484.2,262.2,2013
Brazil,6784,29286,2013
British Virgin Islands,421,..,2013
Brunei Darussalam,..,..,2013
Bulgaria,4410,1342,2013
Burkina Faso,200,215,2013
Burundi,..,..,2013
Cabo Verde,483,127,2013
Cambodia,2895,469,2013
Cameroon,607,795,2013
Canada,..,..,2013
Cayman Islands,500,192,2013
Central African Republic,15.6,69.8,2013
Chad,..,..,2013
Chile,3171,2499,2013
China,..,..,2013
Colombia,4819,4592,2013
Comoros,..,..,2013
Congo,52.4,360,2013
"Congo, Democratic Republic Of The",..,..,2013
Cook Islands,138,23,2013
Costa Rica,3171,649,2013
Cote D�Ivoire,191,583,2013
Croatia,9715,923,2013
Cuba,2608,..,2013
Cura�ao,778,377,2013
Cyprus,2930,1254,2013
Czech Republic (Czechia),7792,4698,2013
Denmark,..,..,2013
Djibouti,..,..,2013
Dominica,..,..,2013
Dominican Republic,..,679,2013
Ecuador,1251,989,2013
Egypt,6747,3261,2013
El Salvador,1054,270,2013
Equatorial Guinea,..,..,2013
Eritrea,..,..,2013
Estonia,2022,1236,2013
Eswatini,4.2,48,2013
Ethiopia,2236,..,2013
Fiji,966,105,2013
Finland,5774,6387,2013
France,66054,52444,2013
French Guiana,..,..,2013
French Polynesia,746,293,2013
Gabon,61.2,404,2013
Gambia,78,10.4,2013
Georgia,1916,537,2013
Germany,55486,102668,2013
Ghana,1010,982,2013
Greece,17433,3768,2013
Grenada,..,..,2013
Guadeloupe,671,..,2013
Guam,..,..,2013
Guatemala,1160.7,995,2013
Guinea,..,60.5,2013
Guinea-Bissau,..,..,2013
Guyana,..,..,2013
Haiti,..,418,2013
Honduras,618,506,2013
"Hong Kong, China",42426,..,2013
Hungary,6671,2526,2013
Iceland,..,..,2013
India,19042,13884,2013
Indonesia,10302,10280,2013
"Iran, Islamic Republic Of",3306,9464,2013
Iraq,1682,4835,2013
Ireland,10165,6198,2013
Israel,6600,5757,2013
Italy,..,..,2013
Jamaica,..,392,2013
Japan,16865,32244,2013
Jordan,5145,1206,2013
Kazakhstan,2365,3772,2013
Kenya,1829,..,2013
Kiribati,..,..,2013
"Korea, Democratic People�S Republic Of",..,..,2013
"Korea, Republic Of",19457,24459,2013
Kuwait,619,10567,2013
Kyrgyzstan,585,505,2013
Lao People�S Democratic Republic,613,907,2013
Latvia,..,..,2013
Lebanon,7032,4692,2013
Lesotho,..,212,2013
Liberia,..,..,2013
Libya,..,2598,2013
Liechtenstein,..,..,2013
Lithuania,..,..,2013
Luxembourg,7745.794247,2595.217023,2013
"Macao, China",43755,1239,2013
Madagascar,609,256,2013
Malawi,33,90,2013
Malaysia,23283,13377,2013
Maldives,2422,252,2013
Mali,178.2,189,2013
Malta,..,..,2013
Marshall Islands,4.3,24.7,2013
Martinique,484,..,2013
Mauritania,50,105,2013
Mauritius,1593,458,2013
Mexico,14311,11970,2013
"Micronesia, Federated States Of",..,29,2013
"Moldova, Republic Of",324,428,2013
Monaco,..,..,2013
Mongolia,236,643,2013
Montenegro,929,81,2013
Montserrat,..,..,2013
Morocco,8201,2002,2013
Mozambique,228,313,2013
Myanmar,964,131,2013
Namibia,357,47,2013
Nauru,..,..,2013
Nepal,460,598,2013
Netherlands,19429,21009,2013
New Caledonia,287,333,2013
New Zealand,..,..,2013
Nicaragua,..,277,2013
Niger,59,81,2013
Nigeria,616,9152,2013
Niue,..,..,2013
North Macedonia,270,168,2013
Northern Mariana Islands,..,..,2013
Norway,7175,20116,2013
Oman,1888,1824,2013
Pakistan,938,1638,2013
Palau,117,18.5,2013
Panama,5419,1078,2013
Papua New Guinea,3.7,214,2013
Paraguay,299,425,2013
Peru,3916,2105,2013
Philippines,5599,8400,2013
Poland,12242,8916,2013
Portugal,16080,4882,2013
Puerto Rico,3311,1142,2013
Qatar,8452,11729,2013
Reunion,403,..,2013
Romania,2307,2125,2013
Russian Federation,20198,59504,2013
Rwanda,364,126,2013
Saba,..,..,2013
Saint Kitts And Nevis,..,..,2013
Saint Lucia,..,..,2013
Saint Vincent And The Grenadines,..,..,2013
Samoa,137.2,13.9,2013
San Marino,..,..,2013
Sao Tome And Principe,..,..,2013
Saudi Arabia,8690,18648,2013
Senegal,495,265,2013
Serbia,1221,1290,2013
Serbia And Montenegro,..,..,2013
Seychelles,484,62,2013
Sierra Leone,..,71,2013
Singapore,..,..,2013
Sint Eustatius,..,..,2013
Sint Maarten (Dutch Part),871,114,2013
Slovakia,2702,2523,2013
Slovenia,2966,1559,2013
Solomon Islands,70.5,68.3,2013
Somalia,..,..,2013
South Africa,10468,6346,2013
South Sudan,..,..,2013
Spain,..,..,2013
Sri Lanka,2506,1808,2013
State Of Palestine,..,630,2013
Sudan,..,..,2013
Suriname,92,75,2013
Sweden,..,..,2013
Switzerland,20239,19964,2013
Syrian Arab Republic,..,..,2013
Taiwan Province Of China,14782,14158,2013
Tajikistan,233.3,42.5,2013
"Tanzania, United Republic Of",1939,1101,2013
Thailand,41765,8238,2013
Timor-Leste,..,57,2013
Togo,233,58,2013
Tonga,47,29.1,2013
Trinidad And Tobago,856,116,2013
Tunisia,2863,768,2013
T�rkiye,37984,5017,2013
Turkmenistan,..,..,2013
Turks And Caicos Islands,..,..,2013
Tuvalu,4.8,6.9,2013
Uganda,960,349,2013
Ukraine,5931,6300,2013
United Arab Emirates,12389,16188,2013
United Kingdom,..,..,2013
United States Of America,213105,132322,2013
United States Virgin Islands,1168,..,2013
Uruguay,2481,1486,2013
Uzbekistan,..,..,2013
Vanuatu,314,46,2013
"Venezuela, Bolivarian Republic Of",926,5417,2013
Viet Nam,7250,2050,2013
Yemen,1097,161,2013
Zambia,..,357,2013
Zimbabwe,183,441,2013
Afghanistan,121,140,2014
Albania,1849,1689,2014
Algeria,316,679,2014
American Samoa,..,..,2014
Andorra,..,..,2014
Angola,1597,505,2014
Anguilla,137.1,13.6,2014
Antigua And Barbuda,803,89,2014
Argentina,5645,7837,2014
Armenia,994,1101,2014
Aruba,1625,350,2014
Australia,37996,38827,2014
Austria,..,..,2014
Azerbaijan,2713,3163,2014
Bahamas,2336,328,2014
Bahrain,1913,758,2014
Bangladesh,154,782,2014
Barbados,910,115,2014
Belarus,1230,1308,2014
Belgium,15249,26444,2014
Belize,..,51,2014
Benin,153,54.2,2014
Bermuda,407,378,2014
Bhutan,99,42.6,2014
"Bolivia, Plurinational State Of",746,953,2014
Bonaire,..,..,2014
Bosnia And Herzegovina,755,205,2014
Botswana,529.3,277,2014
Brazil,7405,29998,2014
British Virgin Islands,459,..,2014
Brunei Darussalam,..,..,2014
Bulgaria,4518,1459,2014
Burkina Faso,183,176,2014
Burundi,..,..,2014
Cabo Verde,453,115,2014
Cambodia,3220,527,2014
Cameroon,629,830,2014
Canada,..,..,2014
Cayman Islands,565,168,2014
Central African Republic,..,..,2014
Chad,..,..,2014
Chile,3202,2707,2014
China,..,..,2014
Colombia,4941,5299,2014
Comoros,62.8,40,2014
Congo,56.9,435,2014
"Congo, Democratic Republic Of The",..,..,2014
Cook Islands,187,24,2014
Costa Rica,3137,657,2014
Cote D�Ivoire,195,625,2014
Croatia,10079,865,2014
Cuba,2546,..,2014
Cura�ao,820,383,2014
Cyprus,2924,1343,2014
Czech Republic (Czechia),7614,5173,2014
Denmark,..,..,2014
Djibouti,..,..,2014
Dominica,..,39,2014
Dominican Republic,..,717,2014
Ecuador,1487,990,2014
Egypt,7979,3486,2014
El Salvador,1285,277,2014
Equatorial Guinea,..,..,2014
Eritrea,..,..,2014
Estonia,2278,1346,2014
Eswatini,15.6,62,2014
Ethiopia,2107,..,2014
Fiji,1091,99,2014
Finland,5409,6326,2014
France,67402,58464,2014
French Guiana,..,..,2014
French Polynesia,835,312,2014
Gabon,43.5,509,2014
Gambia,110,55.4,2014
Georgia,1972,563,2014
Germany,58721,101737,2014
Ghana,1027,947,2014
Greece,19489,4003,2014
Grenada,..,34,2014
Guadeloupe,..,..,2014
Guam,..,..,2014
Guatemala,1164.4,1029,2014
Guinea,17.1,28.8,2014
Guinea-Bissau,..,..,2014
Guyana,..,..,2014
Haiti,..,475,2014
Honduras,706,437,2014
"Hong Kong, China",46352,..,2014
Hungary,7483,2712,2014
Iceland,..,..,2014
India,20756,17492,2014
Indonesia,11567,10263,2014
"Iran, Islamic Republic Of",4197,10130,2014
Iraq,1938,6115,2014
Ireland,11101,6412,2014
Israel,6616,6534,2014
Italy,..,..,2014
Jamaica,..,457,2014
Japan,20790,28609,2014
Jordan,5518,1251,2014
Kazakhstan,2239,3771,2014
Kenya,1745,..,2014
Kiribati,..,..,2014
"Korea, Democratic People�S Republic Of",..,..,2014
"Korea, Republic Of",22390,26136,2014
Kuwait,615,12280,2014
Kyrgyzstan,468,568,2014
Lao People�S Democratic Republic,642.4,1054,2014
Latvia,..,..,2014
Lebanon,6835,5198,2014
Lesotho,..,177,2014
Liberia,..,..,2014
Libya,..,1325,2014
Liechtenstein,..,..,2014
Lithuania,..,..,2014
Luxembourg,7962.616552,2873.53524,2014
"Macao, China",43412,1385,2014
Madagascar,740,317,2014
Malawi,36,106,2014
Malaysia,24469,13893,2014
Maldives,2811,271,2014
Mali,213.9,231,2014
Malta,..,..,2014
Marshall Islands,5.4,23.8,2014
Martinique,483,..,2014
Mauritania,42,112,2014
Mauritius,1719,503,2014
Mexico,16606,12556,2014
"Micronesia, Federated States Of",..,29,2014
"Moldova, Republic Of",328,442,2014
Monaco,..,..,2014
Mongolia,257,529,2014
Montenegro,959,79,2014
Montserrat,9.2,6.6,2014
Morocco,9070,2273,2014
Mozambique,225,331,2014
Myanmar,1687,119,2014
Namibia,552,67,2014
Nauru,..,..,2014
Nepal,511,680,2014
Netherlands,19669,23655,2014
New Caledonia,287,328,2014
New Zealand,..,..,2014
Nicaragua,..,286,2014
Niger,100,129,2014
Nigeria,605,9204,2014
Niue,..,..,2014
North Macedonia,298,186,2014
Northern Mariana Islands,..,..,2014
Norway,7503,20166,2014
Oman,1971,2081,2014
Pakistan,971,2209,2014
Palau,131,17.2,2014
Panama,5749,1147,2014
Papua New Guinea,2.8,168,2014
Paraguay,314,448,2014
Peru,3907,2118,2014
Philippines,6059,11130,2014
Poland,12691,9177,2014
Portugal,17577,5213,2014
Puerto Rico,3439,1094,2014
Qatar,10576,12871,2014
Reunion,387,..,2014
Romania,2388,2741,2014
Russian Federation,19451,55383,2014
Rwanda,376,133,2014
Saba,..,..,2014
Saint Kitts And Nevis,..,51,2014
Saint Lucia,..,66,2014
Saint Vincent And The Grenadines,178.5,34,2014
Samoa,147.7,4.1,2014
San Marino,..,..,2014
Sao Tome And Principe,..,..,2014
Saudi Arabia,9263,25137,2014
Senegal,482,280,2014
Serbia,1352,1360,2014
Serbia And Montenegro,..,..,2014
Seychelles,481,65,2014
Sierra Leone,..,45,2014
Singapore,..,..,2014
Sint Eustatius,..,..,2014
Sint Maarten (Dutch Part),922,117,2014
Slovakia,2642,2582,2014
Slovenia,3052,1646,2014
Solomon Islands,64.8,65.6,2014
Somalia,..,..,2014
South Africa,10484,6126,2014
South Sudan,..,239,2014
Spain,..,..,2014
Sri Lanka,3278,1922,2014
State Of Palestine,..,514,2014
Sudan,..,..,2014
Suriname,103,90,2014
Sweden,..,..,2014
Switzerland,21355,20849,2014
Syrian Arab Republic,..,..,2014
Taiwan Province Of China,17419,15953,2014
Tajikistan,220.2,..,2014
"Tanzania, United Republic Of",2047,1185,2014
Thailand,38451,8824,2014
Timor-Leste,..,84,2014
Togo,233,60,2014
Tonga,38.3,30.1,2014
Trinidad And Tobago,875,168,2014
Tunisia,3042,770,2014
T�rkiye,40028,5331,2014
Turkmenistan,..,..,2014
Turks And Caicos Islands,..,..,2014
Tuvalu,4.7,7.5,2014
Uganda,984,342,2014
Ukraine,2264,5470,2014
United Arab Emirates,15221,15848,2014
United Kingdom,..,..,2014
United States Of America,222746,140228,2014
United States Virgin Islands,1319,..,2014
Uruguay,2341,1559,2014
Uzbekistan,660,1509,2014
Vanuatu,284,41,2014
"Venezuela, Bolivarian Republic Of",900,4118,2014
Viet Nam,7410,2650,2014
Yemen,1199,158,2014
Zambia,..,378,2014
Zimbabwe,186,451,2014
Afghanistan,86,151,2015
Albania,1613,1311,2015
Algeria,347,762,2015
American Samoa,..,..,2015
Andorra,..,..,2015
Angola,1171,389,2015
Anguilla,142,15.1,2015
Antigua And Barbuda,802,95,2015
Argentina,5441,9348,2015
Armenia,956,1057,2015
Aruba,1659,357,2015
Australia,36249,34071,2015
Austria,20422,11337,2015
Azerbaijan,2535,2743,2015
Bahamas,2554,347,2015
Bahrain,2827,4939,2015
Bangladesh,150.3,827,2015
Barbados,974,119,2015
Belarus,1013,997,2015
Belgium,8975,15856,2015
Belize,..,50,2015
Benin,148,141,2015
Bermuda,370,363,2015
Bhutan,120,44,2015
"Bolivia, Plurinational State Of",810,849,2015
Bonaire,..,..,2015
Bosnia And Herzegovina,794,278,2015
Botswana,534.3,256.4,2015
Brazil,6254,20356,2015
British Virgin Islands,484,..,2015
Brunei Darussalam,..,..,2015
Bulgaria,3568,1346,2015
Burkina Faso,152,160,2015
Burundi,..,..,2015
Cabo Verde,380,109,2015
Cambodia,3419,641,2015
Cameroon,476,742,2015
Canada,..,..,2015
Cayman Islands,680,191,2015
Central African Republic,..,..,2015
Chad,..,..,2015
Chile,3412,2518,2015
China,..,..,2015
Colombia,5281,4890,2015
Comoros,51.6,34,2015
Congo,46.9,557,2015
"Congo, Democratic Republic Of The",..,..,2015
Cook Islands,173,21,2015
Costa Rica,3408,898,2015
Cote D�Ivoire,214,560,2015
Croatia,8207,770,2015
Cuba,2819,..,2015
Cura�ao,712,419,2015
Cyprus,2525.66425,1453,2015
Czech Republic (Czechia),6766,4819,2015
Denmark,..,..,2015
Djibouti,..,..,2015
Dominica,..,34,2015
Dominican Republic,..,803,2015
Ecuador,1557,994,2015
Egypt,6897,3636,2015
El Salvador,1203,332,2015
Equatorial Guinea,..,..,2015
Eritrea,..,..,2015
Estonia,1893,1169,2015
Eswatini,14.2,64,2015
Ethiopia,2279,..,2015
Fiji,1094,115,2015
Finland,4011,5786,2015
France,66441,47713,2015
French Guiana,..,..,2015
French Polynesia,758,277,2015
Gabon,28.7,346,2015
Gambia,92,5.4,2015
Georgia,2049,609,2015
Germany,50669,85334,2015
Ghana,911,1405,2015
Greece,17547,3535,2015
Grenada,..,40,2015
Guadeloupe,614,..,2015
Guam,..,..,2015
Guatemala,1169.5,1020,2015
Guinea,27,38,2015
Guinea-Bissau,..,..,2015
Guyana,..,..,2015
Haiti,..,503,2015
Honduras,671,454,2015
"Hong Kong, China",42491,..,2015
Hungary,6929,2456,2015
Iceland,..,..,2015
India,21472,17686,2015
Indonesia,12054,9800,2015
"Iran, Islamic Republic Of",4771,9658,2015
Iraq,2833,7934,2015
Ireland,11476,5704,2015
Israel,6605,7506,2015
Italy,41415,30312,2015
Jamaica,..,413,2015
Japan,27285,23252,2015
Jordan,4968,1267,2015
Kazakhstan,1833,3046,2015
Kenya,1596,..,2015
Kiribati,..,..,2015
"Korea, Democratic People�S Republic Of",..,..,2015
"Korea, Republic Of",18711,27957,2015
Kuwait,931,13148,2015
Kyrgyzstan,482,535,2015
Lao People�S Democratic Republic,725,1002,2015
Latvia,..,..,2015
Lebanon,7087,5187,2015
Lesotho,..,180,2015
Liberia,..,..,2015
Libya,..,1066,2015
Liechtenstein,..,..,2015
Lithuania,..,..,2015
Luxembourg,6182.840468,2334.998726,2015
"Macao, China",31620,1435,2015
Madagascar,696,240,2015
Malawi,39,121,2015
Malaysia,19194,11599,2015
Maldives,2691,309,2015
Mali,186,207,2015
Malta,..,..,2015
Marshall Islands,1.5,26.2,2015
Martinique,340,..,2015
Mauritania,31,73,2015
Mauritius,1680,616,2015
Mexico,18729,12668,2015
"Micronesia, Federated States Of",..,..,2015
"Moldova, Republic Of",300,370,2015
Monaco,..,..,2015
Mongolia,279,473,2015
Montenegro,947,69,2015
Montserrat,9.6,5.5,2015
Morocco,7765,2155,2015
Mozambique,202,322,2015
Myanmar,2199,146,2015
Namibia,540,71,2015
Nauru,..,..,2015
Nepal,509,669,2015
Netherlands,17558,20234,2015
New Caledonia,246,253,2015
New Zealand,..,..,2015
Nicaragua,..,273,2015
Niger,80,140,2015
Nigeria,461,9017,2015
Niue,..,..,2015
North Macedonia,268,189,2015
Northern Mariana Islands,..,..,2015
Norway,6370,16485,2015
Oman,2247,2208,2015
Pakistan,915,2642,2015
Palau,156,21.9,2015
Panama,5754,1272,2015
Papua New Guinea,..,135,2015
Paraguay,348,494,2015
Peru,4140,2539,2015
Philippines,6414,11868,2015
Poland,11164,8285,2015
Portugal,16007,4576,2015
Puerto Rico,3825,983,2015
Qatar,12131,11641,2015
Reunion,339,..,2015
Romania,2229,2526,2015
Russian Federation,13186,38432,2015
Rwanda,427,350,2015
Saba,..,..,2015
Saint Kitts And Nevis,..,52,2015
Saint Lucia,..,76,2015
Saint Vincent And The Grenadines,211.1,40,2015
Samoa,142.4,2.9,2015
San Marino,..,..,2015
Sao Tome And Principe,..,..,2015
Saudi Arabia,11183,20366,2015
Senegal,417,261,2015
Serbia,1322,1254,2015
Serbia And Montenegro,..,..,2015
Seychelles,483,54,2015
Sierra Leone,..,34,2015
Singapore,..,..,2015
Sint Eustatius,..,..,2015
Sint Maarten (Dutch Part),913,118,2015
Slovakia,2480,2266,2015
Slovenia,2594,1370,2015
Solomon Islands,60,60.7,2015
Somalia,..,..,2015
South Africa,9140,5519,2015
South Sudan,22,759,2015
Spain,..,..,2015
Sri Lanka,3978,2152,2015
State Of Palestine,..,606,2015
Sudan,..,..,2015
Suriname,99,128,2015
Sweden,..,..,2015
Switzerland,20138,19672,2015
Syrian Arab Republic,..,..,2015
Taiwan Province Of China,16987,17388,2015
Tajikistan,146,..,2015
"Tanzania, United Republic Of",1924,1288,2015
Thailand,44851,9539,2015
Timor-Leste,..,100,2015
Togo,212,53,2015
Tonga,46.4,32.4,2015
Trinidad And Tobago,809,253,2015
Tunisia,1869,767,2015
T�rkiye,35648,5635,2015
Turkmenistan,..,..,2015
Turks And Caicos Islands,..,..,2015
Tuvalu,6,9.4,2015
Uganda,1049,278,2015
Ukraine,1662,5408,2015
United Arab Emirates,25587.1,16637.1,2015
United Kingdom,..,..,2015
United States Of America,230574,144669,2015
United States Virgin Islands,1324,..,2015
Uruguay,2349,1384,2015
Uzbekistan,688,1902,2015
Vanuatu,254,34,2015
"Venezuela, Bolivarian Republic Of",654,3249,2015
Viet Nam,7350,3595,2015
Yemen,116,79,2015
Zambia,..,400,2015
Zimbabwe,191,557,2015
Afghanistan,62,89,2016
Albania,1821,1338,2016
Algeria,246,556,2016
American Samoa,..,..,2016
Andorra,..,..,2016
Angola,628,823,2016
Anguilla,147,15.7,2016
Antigua And Barbuda,844,101,2016
Argentina,5466,12273,2016
Armenia,1037,1033,2016
Aruba,1757,319,2016
Australia,39059,35718,2016
Austria,20965,11634,2016
Azerbaijan,2855,2593,2016
Bahamas,3091,440,2016
Bahrain,4021,3267,2016
Bangladesh,214.3,843,2016
Barbados,1071,99,2016
Belarus,1019,891,2016
Belgium,8784,16522,2016
Belize,..,55,2016
Benin,129,87,2016
Bermuda,440,373,2016
Bhutan,139,52,2016
"Bolivia, Plurinational State Of",827,960,2016
Bonaire,..,..,2016
Bosnia And Herzegovina,875,290,2016
Botswana,505,237.1,2016
Brazil,6613,17068,2016
British Virgin Islands,..,..,2016
Brunei Darussalam,..,..,2016
Bulgaria,4148,1636,2016
Burkina Faso,172,176,2016
Burundi,..,..,2016
Cabo Verde,397,79,2016
Cambodia,3523,762,2016
Cameroon,508,818,2016
Canada,..,..,2016
Cayman Islands,708,194,2016
Central African Republic,..,..,2016
Chad,..,..,2016
Chile,3744,2733,2016
China,..,..,2016
Colombia,5631,4891,2016
Comoros,50.5,38,2016
Congo,42.9,457,2016
"Congo, Democratic Republic Of The",..,..,2016
Cook Islands,201.7,21.6,2016
Costa Rica,3776,1055,2016
Cote D�Ivoire,477,491,2016
Croatia,9215,954,2016
Cuba,3069,..,2016
Cura�ao,644,428,2016
Cyprus,2870,1559.318524,2016
Czech Republic (Czechia),7041,4962,2016
Denmark,..,..,2016
Djibouti,..,..,2016
Dominica,..,33,2016
Dominican Republic,..,882,2016
Ecuador,1729,1454,2016
Egypt,3306,4351,2016
El Salvador,1161,451,2016
Equatorial Guinea,..,..,2016
Eritrea,48,..,2016
Estonia,1911,1299,2016
Eswatini,13.2,33,2016
Ethiopia,2138,461,2016
Fiji,1149,119,2016
Finland,4017,6199,2016
France,63557,49029,2016
French Guiana,..,..,2016
French Polynesia,782,226,2016
Gabon,..,..,2016
Gambia,88,7.2,2016
Georgia,2315,706,2016
Germany,52234,87412,2016
Ghana,952,1571,2016
Greece,16811,3412,2016
Grenada,..,40,2016
Guadeloupe,..,..,2016
Guam,..,..,2016
Guatemala,1202.7,1032,2016
Guinea,16.6,16.3,2016
Guinea-Bissau,11.5,33,2016
Guyana,..,..,2016
Haiti,..,221,2016
Honduras,585,482,2016
"Hong Kong, China",37838,..,2016
Hungary,7481,2738,2016
Iceland,..,..,2016
India,23111,19184,2016
Indonesia,12566,9932,2016
"Iran, Islamic Republic Of",4634,11142,2016
Iraq,3120,7647,2016
Ireland,12649,6234,2016
Israel,6616,8210,2016
Italy,42423,30584,2016
Jamaica,..,413,2016
Japan,33456,25968,2016
Jordan,4943,1367,2016
Kazakhstan,2038,2580,2016
Kenya,1472,..,2016
Kiribati,..,..,2016
"Korea, Democratic People�S Republic Of",..,..,2016
"Korea, Republic Of",20924,29817,2016
Kuwait,831,13232,2016
Kyrgyzstan,477,582,2016
Lao People�S Democratic Republic,717,912.1,2016
Latvia,..,..,2016
Lebanon,7373,5252,2016
Lesotho,..,262,2016
Liberia,..,..,2016
Libya,..,813,2016
Liechtenstein,..,..,2016
Lithuania,..,..,2016
Luxembourg,6195.507186,2266.08858,2016
"Macao, China",31155,1500,2016
Madagascar,912,300,2016
Malawi,30,100,2016
Malaysia,19682,11339,2016
Maldives,2640,347,2016
Mali,201.6,213,2016
Malta,..,..,2016
Marshall Islands,30.4,27,2016
Martinique,365,..,2016
Mauritania,33,74,2016
Mauritius,1824,683,2016
Mexico,20619,12823,2016
"Micronesia, Federated States Of",..,..,2016
"Moldova, Republic Of",344,334,2016
Monaco,..,..,2016
Mongolia,379,536,2016
Montenegro,978,91,2016
Montserrat,10.1,7.3,2016
Morocco,7922,2312,2016
Mozambique,114,290,2016
Myanmar,2289,201,2016
Namibia,295,82,2016
Nauru,..,..,2016
Nepal,498,634,2016
Netherlands,19421.8,20188.8,2016
New Caledonia,248,252,2016
New Zealand,..,..,2016
Nicaragua,..,310,2016
Niger,84,111,2016
Nigeria,1088,4524,2016
Niue,..,..,2016
North Macedonia,283,204,2016
Northern Mariana Islands,..,..,2016
Norway,6285,16384,2016
Oman,2324,2643,2016
Pakistan,790,2931,2016
Palau,148,23.8,2016
Panama,6283,1351,2016
Papua New Guinea,1.6,126.6,2016
Paraguay,356,512,2016
Peru,4288,2700,2016
Philippines,6289,11681,2016
Poland,11922,8509,2016
Portugal,17347,4707,2016
Puerto Rico,3974,1059,2016
Qatar,12593,13152,2016
Reunion,360,..,2016
Romania,2474,2910,2016
Russian Federation,12822,27654,2016
Rwanda,443,364,2016
Saba,..,..,2016
Saint Kitts And Nevis,..,51,2016
Saint Lucia,..,78,2016
Saint Vincent And The Grenadines,221.3,41,2016
Samoa,148.7,2.1,2016
San Marino,..,..,2016
Sao Tome And Principe,..,..,2016
Saudi Arabia,13438,17671,2016
Senegal,439,277,2016
Serbia,1461,1351,2016
Serbia And Montenegro,..,..,2016
Seychelles,505,92,2016
Sierra Leone,..,36.5,2016
Singapore,..,..,2016
Sint Eustatius,..,..,2016
Sint Maarten (Dutch Part),871,114,2016
Slovakia,2812,2420,2016
Slovenia,2717.9,1483.8,2016
Solomon Islands,71,74.9,2016
Somalia,..,..,2016
South Africa,8807,5154,2016
South Sudan,23.5,323,2016
Spain,..,..,2016
Sri Lanka,4591,2295,2016
State Of Palestine,..,620,2016
Sudan,..,..,2016
Suriname,74,112,2016
Sweden,..,..,2016
Switzerland,19784,19942,2016
Syrian Arab Republic,..,..,2016
Taiwan Province Of China,12824,19229,2016
Tajikistan,149.6,24.6,2016
"Tanzania, United Republic Of",2149,992,2016
Thailand,48459,11267,2016
Timor-Leste,..,118,2016
Togo,223,55,2016
Tonga,52.7,23.8,2016
Trinidad And Tobago,708,230,2016
Tunisia,1706,823,2016
T�rkiye,26505,5698,2016
Turkmenistan,..,..,2016
Turks And Caicos Islands,..,..,2016
Tuvalu,5.8,11.4,2016
Uganda,1118,309,2016
Ukraine,1723,6306,2016
United Arab Emirates,28657.4,17127.26,2016
United Kingdom,..,..,2016
United States Of America,228549,147640,2016
United States Virgin Islands,1343,..,2016
Uruguay,2396,1079,2016
Uzbekistan,579,1832,2016
Vanuatu,275,28,2016
"Venezuela, Bolivarian Republic Of",546,2920,2016
Viet Nam,8500,4500,2016
Yemen,116,56,2016
Zambia,..,423,2016
Zimbabwe,194,406,2016
Afghanistan,16,130,2017
Albania,2050,1473,2017
Algeria,171,632,2017
American Samoa,..,..,2017
Andorra,..,..,2017
Angola,884,1216,2017
Anguilla,153,13.4,2017
Antigua And Barbuda,820,106,2017
Argentina,5830,14180,2017
Armenia,1224,1218,2017
Aruba,1855,349,2017
Australia,43990,39710,2017
Austria,22424,12878,2017
Azerbaijan,3214,2803,2017
Bahamas,2951,554,2017
Bahrain,4380,3178,2017
Bangladesh,348,1127,2017
Barbados,1081,..,2017
Belarus,1124.5,1082,2017
Belgium,9636,17835,2017
Belize,..,53,2017
Benin,160,148,2017
Bermuda,513,369,2017
Bhutan,153,63,2017
"Bolivia, Plurinational State Of",928,997,2017
Bonaire,..,..,2017
Bosnia And Herzegovina,984,346,2017
Botswana,542.01,253.3,2017
Brazil,6175,22992,2017
British Virgin Islands,..,..,2017
Brunei Darussalam,..,..,2017
Bulgaria,4663,2047,2017
Burkina Faso,172,182,2017
Burundi,..,..,2017
Cabo Verde,451,100,2017
Cambodia,4024,919,2017
Cameroon,544,845,2017
Canada,..,..,2017
Cayman Islands,832,271,2017
Central African Republic,..,..,2017
Chad,..,..,2017
Chile,4115,3093,2017
China,..,..,2017
Colombia,5899,5136,2017
Comoros,60.6,42,2017
Congo,..,..,2017
"Congo, Democratic Republic Of The",..,..,2017
Cook Islands,229.9,22.3,2017
Costa Rica,3758,1322,2017
Cote D�Ivoire,509,564,2017
Croatia,10524,1410,2017
Cuba,3302,..,2017
Cura�ao,572,447,2017
Cyprus,3274,1378,2017
Czech Republic (Czechia),7695,5533,2017
Denmark,..,..,2017
Djibouti,..,..,2017
Dominica,..,28,2017
Dominican Republic,..,940,2017
Ecuador,2018,1463,2017
Egypt,8636,2419,2017
El Salvador,1227,466,2017
Equatorial Guinea,..,..,2017
Eritrea,..,..,2017
Estonia,2124,1395,2017
Eswatini,13.2,74,2017
Ethiopia,2505,363.5,2017
Fiji,1243,138,2017
Finland,5210,6740,2017
France,67717,53787,2017
French Guiana,..,..,2017
French Polynesia,..,..,2017
Gabon,..,..,2017
Gambia,128,8.5,2017
Georgia,2971,853,2017
Germany,40011,89736,2017
Ghana,919,1581,2017
Greece,19139,3306,2017
Grenada,..,38,2017
Guadeloupe,..,..,2017
Guam,..,..,2017
Guatemala,1217.6,1066,2017
Guinea,16.6,102.4,2017
Guinea-Bissau,16.44,63,2017
Guyana,..,..,2017
Haiti,..,207,2017
Honduras,610,517,2017
"Hong Kong, China",38170,..,2017
Hungary,8448,3049,2017
Iceland,..,..,2017
India,27878,21856,2017
Indonesia,14691,10945,2017
"Iran, Islamic Republic Of",4531,12568,2017
Iraq,2959,8093,2017
Ireland,14294,6616,2017
Israel,7602,8985,2017
Italy,46719,34819,2017
Jamaica,..,455,2017
Japan,36978,25774,2017
Jordan,5549,1496,2017
Kazakhstan,2356,2695,2017
Kenya,1564,..,2017
Kiribati,5.17,24.57,2017
"Korea, Democratic People�S Republic Of",..,..,2017
"Korea, Republic Of",17173,34453,2017
Kuwait,643,13722,2017
Kyrgyzstan,480,422,2017
Lao People�S Democratic Republic,655,930,2017
Latvia,..,..,2017
Lebanon,8086,5704,2017
Lesotho,..,307,2017
Liberia,..,..,2017
Libya,..,2005,2017
Liechtenstein,..,..,2017
Lithuania,..,..,2017
Luxembourg,6171.407599,2945.59961,2017
"Macao, China",36595,1702,2017
Madagascar,849,319,2017
Malawi,47,159,2017
Malaysia,20311,12145,2017
Maldives,2771,369,2017
Mali,207.4,221,2017
Malta,..,..,2017
Marshall Islands,18.1,27.6,2017
Martinique,480,..,2017
Mauritania,24,61,2017
Mauritius,2005,738,2017
Mexico,22467,13647,2017
"Micronesia, Federated States Of",..,..,2017
"Moldova, Republic Of",441.9,380.2,2017
Monaco,..,..,2017
Mongolia,462,618,2017
Montenegro,1110,91,2017
Montserrat,10.4,7.9,2017
Morocco,9086,2829,2017
Mozambique,164,237,2017
Myanmar,1988,136,2017
Namibia,449,92,2017
Nauru,..,..,2017
Nepal,712,886,2017
Netherlands,21844.7,22301.1,2017
New Caledonia,..,..,2017
New Zealand,..,..,2017
Nicaragua,..,365,2017
Niger,91,120,2017
Nigeria,2615,8194,2017
Niue,..,..,2017
North Macedonia,331,233,2017
Northern Mariana Islands,..,..,2017
Norway,6565,17489,2017
Oman,2629,2915,2017
Pakistan,865,3316,2017
Palau,123,23.3,2017
Panama,6827,1132,2017
Papua New Guinea,15.26,168.6,2017
Paraguay,399,545,2017
Peru,4439,2893,2017
Philippines,8349,12442,2017
Poland,14080,9540,2017
Portugal,21586,5509,2017
Puerto Rico,3868,1072,2017
Qatar,15757,12284,2017
Reunion,402,..,2017
Romania,3553,4955,2017
Russian Federation,14938,35584,2017
Rwanda,496.5,419,2017
Saba,..,..,2017
Saint Kitts And Nevis,..,56,2017
Saint Lucia,..,84,2017
Saint Vincent And The Grenadines,215.4,45,2017
Samoa,167,3.9,2017
San Marino,..,..,2017
Sao Tome And Principe,..,..,2017
Saudi Arabia,15020,19065,2017
Senegal,470,295,2017
Serbia,1706,1549,2017
Serbia And Montenegro,..,..,2017
Seychelles,585,104,2017
Sierra Leone,..,62,2017
Singapore,..,..,2017
Sint Eustatius,..,..,2017
Sint Maarten (Dutch Part),646,100,2017
Slovakia,3024,2599,2017
Slovenia,3055.1,1640.6,2017
Solomon Islands,79,72.7,2017
Somalia,..,..,2017
South Africa,9706,5781,2017
South Sudan,26,293,2017
Spain,..,..,2017
Sri Lanka,5083,2409,2017
State Of Palestine,..,813,2017
Sudan,..,..,2017
Suriname,61,99,2017
Sweden,..,..,2017
Switzerland,20395,21506,2017
Syrian Arab Republic,..,..,2017
Taiwan Province Of China,14847,20502,2017
Tajikistan,171.6,15.1,2017
"Tanzania, United Republic Of",2265,873,2017
Thailand,57057,12676,2017
Timor-Leste,..,137,2017
Togo,245,57,2017
Tonga,48.5,37.7,2017
Trinidad And Tobago,717,147,2017
Tunisia,1782,871,2017
T�rkiye,31993,5865,2017
Turkmenistan,..,..,2017
Turks And Caicos Islands,..,..,2017
Tuvalu,6.7,10.1,2017
Uganda,954,365,2017
Ukraine,2019,7536,2017
United Arab Emirates,29705.5,17644.7,2017
United Kingdom,..,..,2017
United States Of America,233758,158287,2017
United States Virgin Islands,1202,..,2017
Uruguay,2924,1222,2017
Uzbekistan,835,2107,2017
Vanuatu,289,19,2017
"Venezuela, Bolivarian Republic Of",..,..,2017
Viet Nam,8890,5040,2017
Yemen,..,..,2017
Zambia,..,410,2017
Zimbabwe,158,337,2017
Afghanistan,50,226,2018
Albania,2306,1750,2018
Algeria,196.5,542,2018
American Samoa,..,..,2018
Andorra,..,..,2018
Angola,557,762,2018
Anguilla,127,12.7,2018
Antigua And Barbuda,855,112,2018
Argentina,5999,13084,2018
Armenia,1358,1335,2018
Aruba,2035,394,2018
Australia,47327,42438,2018
Austria,25413,14110,2018
Azerbaijan,2830,2453,2018
Bahamas,3756,519,2018
Bahrain,3834,2522,2018
Bangladesh,357,1207,2018
Barbados,1118,..,2018
Belarus,1221,1170,2018
Belgium,10319,20789,2018
Belize,..,50,2018
Benin,175,76,2018
Bermuda,583,334,2018
Bhutan,121,79,2018
"Bolivia, Plurinational State Of",947.9,1009,2018
Bonaire,..,..,2018
Bosnia And Herzegovina,1147,378,2018
Botswana,584.2,278.3,2018
Brazil,6324,22229,2018
British Virgin Islands,..,..,2018
Brunei Darussalam,..,..,2018
Bulgaria,5061,2247,2018
Burkina Faso,179,191,2018
Burundi,..,..,2018
Cabo Verde,520,107,2018
Cambodia,4832,1080,2018
Cameroon,633,915,2018
Canada,..,..,2018
Cayman Islands,911,284,2018
Central African Republic,..,..,2018
Chad,..,..,2018
Chile,3911,3124,2018
China,..,..,2018
Colombia,6655,5531,2018
Comoros,73.7,48,2018
Congo,..,..,2018
"Congo, Democratic Republic Of The",..,..,2018
Cook Islands,234.3,23.3,2018
Costa Rica,4073,1198,2018
Cote D�Ivoire,551,625,2018
Croatia,11344,1741,2018
Cuba,2783,..,2018
Cura�ao,604,452,2018
Cyprus,3449,1569,2018
Czech Republic (Czechia),8283,6074,2018
Denmark,..,..,2018
Djibouti,..,..,2018
Dominica,..,29,2018
Dominican Republic,..,1006,2018
Ecuador,2279,1523,2018
Egypt,12704,2897,2018
El Salvador,1370,490,2018
Equatorial Guinea,..,..,2018
Eritrea,..,..,2018
Estonia,2326,1647,2018
Eswatini,16.4,43,2018
Ethiopia,3548,612.7,2018
Fiji,1370,160,2018
Finland,5762,7223,2018
France,72518,59131,2018
French Guiana,..,..,2018
French Polynesia,..,..,2018
Gabon,..,..,2018
Gambia,174,10.4,2018
Georgia,3518,960,2018
Germany,42895,95199,2018
Ghana,996,1329,2018
Greece,21594,3910,2018
Grenada,..,42,2018
Guadeloupe,860,..,2018
Guam,..,..,2018
Guatemala,1235.1,1105,2018
Guinea,4.7,411.7,2018
Guinea-Bissau,20,74.6,2018
Guyana,..,..,2018
Haiti,..,227,2018
Honduras,601,558,2018
"Hong Kong, China",42313,..,2018
Hungary,9618,3239,2018
Iceland,..,..,2018
India,29143,25790,2018
Indonesia,17915,13171,2018
"Iran, Islamic Republic Of",5252,9271,2018
Iraq,1986,7855,2018
Ireland,15276,7541,2018
Israel,8048,9975,2018
Italy,51602,37644,2018
Jamaica,..,505,2018
Japan,45276,28097,2018
Jordan,6221,1493,2018
Kazakhstan,2651,2852,2018
Kenya,1784,..,2018
Kiribati,..,..,2018
"Korea, Democratic People�S Republic Of",..,..,2018
"Korea, Republic Of",23104,38022,2018
Kuwait,919,14318,2018
Kyrgyzstan,518,451,2018
Lao People�S Democratic Republic,833,1005,2018
Latvia,..,..,2018
Lebanon,8694,6395,2018
Lesotho,..,347,2018
Liberia,..,..,2018
Libya,..,2042,2018
Liechtenstein,..,..,2018
Lithuania,..,..,2018
Luxembourg,6651.732181,3392.058,2018
"Macao, China",41478,1941,2018
Madagascar,879,309,2018
Malawi,55,174,2018
Malaysia,21775,13207,2018
Maldives,3054,414,2018
Mali,231,255,2018
Malta,..,..,2018
Marshall Islands,20.1,31.4,2018
Martinique,533,..,2018
Mauritania,6,38,2018
Mauritius,2161,663,2018
Mexico,23802,14074,2018
"Micronesia, Federated States Of",..,..,2018
"Moldova, Republic Of",500.1,438,2018
Monaco,..,..,2018
Mongolia,526,822,2018
Montenegro,1224,73,2018
Montserrat,13.1,7.7,2018
Morocco,9520,2987,2018
Mozambique,331,135,2018
Myanmar,1670,118,2018
Namibia,488,69,2018
Nauru,..,..,2018
Nepal,740,915,2018
Netherlands,23919.1,23359.3,2018
New Caledonia,..,..,2018
New Zealand,..,..,2018
Nicaragua,..,349,2018
Niger,114,141,2018
Nigeria,1977,13218,2018
Niue,..,..,2018
North Macedonia,387,282,2018
Northern Mariana Islands,..,..,2018
Norway,7280,18307,2018
Oman,2874,3210,2018
Pakistan,845,2959,2018
Palau,..,..,2018
Panama,7139,1395,2018
Papua New Guinea,4.23,134,2018
Paraguay,393,549,2018
Peru,4505,3353,2018
Philippines,9715,12474,2018
Poland,15699,10492,2018
Portugal,24365,6427,2018
Puerto Rico,3303,893,2018
Qatar,15239,11754,2018
Reunion,511,..,2018
Romania,3879,6109,2018
Russian Federation,18735,38791,2018
Rwanda,547,390,2018
Saba,..,..,2018
Saint Kitts And Nevis,..,56,2018
Saint Lucia,..,86,2018
Saint Vincent And The Grenadines,244,40,2018
Samoa,192.3,4.1,2018
San Marino,..,..,2018
Sao Tome And Principe,..,..,2018
Saudi Arabia,16974,17939,2018
Senegal,557,324,2018
Serbia,1941,1837,2018
Serbia And Montenegro,..,..,2018
Seychelles,611,101,2018
Sierra Leone,..,61,2018
Singapore,..,..,2018
Sint Eustatius,..,..,2018
Sint Maarten (Dutch Part),468,77,2018
Slovakia,3318,2823,2018
Slovenia,3377.5,1864.3,2018
Solomon Islands,92,53,2018
Somalia,..,..,2018
South Africa,9789,6017,2018
South Sudan,12,513,2018
Spain,..,..,2018
Sri Lanka,5608,2487,2018
State Of Palestine,..,826,2018
Sudan,..,..,2018
Suriname,73,104,2018
Sweden,..,..,2018
Switzerland,21295,21464,2018
Syrian Arab Republic,..,..,2018
Taiwan Province Of China,16366,22254,2018
Tajikistan,170.9,24.2,2018
"Tanzania, United Republic Of",2465,818,2018
Thailand,61383,14406,2018
Timor-Leste,..,131,2018
Togo,269,65,2018
Tonga,48.1,41.2,2018
Trinidad And Tobago,541,149,2018
Tunisia,2320,954,2018
T�rkiye,36791,6068,2018
Turkmenistan,..,..,2018
Turks And Caicos Islands,..,..,2018
Tuvalu,7,10.8,2018
Uganda,1522,497,2018
Ukraine,2269,8287,2018
United Arab Emirates,34609.5,18004.1,2018
United Kingdom,..,..,2018
United States Of America,241984,176396,2018
United States Virgin Islands,993,..,2018
Uruguay,2708,1252,2018
Uzbekistan,1314,2722,2018
Vanuatu,325,21,2018
"Venezuela, Bolivarian Republic Of",..,..,2018
Viet Nam,10080,5910,2018
Yemen,..,..,2018
Zambia,..,478,2018
Zimbabwe,191,269,2018
Afghanistan,85,168,2019
Albania,2458,1852,2019
Algeria,140,670,2019
American Samoa,..,..,2019
Andorra,1910,187,2019
Angola,395,717,2019
Anguilla,177,15.3,2019
Antigua And Barbuda,994,125,2019
Argentina,5654,9845,2019
Armenia,1553,1543,2019
Aruba,2109,399,2019
Australia,47953,41345,2019
Austria,25932,13991,2019
Azerbaijan,2004.1,1839,2019
Bahamas,4150,514,2019
Bahrain,3860,2637,2019
Bangladesh,391,1389,2019
Barbados,1250,..,2019
Belarus,1290,1224.5,2019
Belgium,10581,20998,2019
Belize,..,45.4,2019
Benin,240.86,130,2019
Bermuda,601,342,2019
Bhutan,120,67,2019
"Bolivia, Plurinational State Of",977,1072.4,2019
Bonaire,..,..,2019
Bosnia And Herzegovina,1225,393,2019
Botswana,712.4,294.7,2019
Brazil,6127,21178,2019
British Virgin Islands,..,..,2019
Brunei Darussalam,..,..,2019
Bulgaria,4832,2196,2019
Burkina Faso,173,185.2,2019
Burundi,..,..,2019
Cabo Verde,571,105,2019
Cambodia,5312,1162,2019
Cameroon,681,984,2019
Canada,..,..,2019
Cayman Islands,964,299,2019
Central African Republic,..,..,2019
Chad,..,..,2019
Chile,3279,3142,2019
China,..,..,2019
Colombia,6784,5658,2019
Comoros,72.7,53,2019
Congo,34,193,2019
"Congo, Democratic Republic Of The",..,..,2019
Cook Islands,227.8,21.1,2019
Costa Rica,4339,1451,2019
Cote D�Ivoire,550,628,2019
Croatia,11971,1811,2019
Cuba,2645,..,2019
Cura�ao,706,411,2019
Cyprus,3251,1635,2019
Czech Republic (Czechia),7967,6034,2019
Denmark,..,..,2019
Djibouti,..,..,2019
Dominica,..,31,2019
Dominican Republic,..,1060,2019
Ecuador,2288,1650,2019
Egypt,14256,3718,2019
El Salvador,1664,515,2019
Equatorial Guinea,..,..,2019
Eritrea,..,..,2019
Estonia,2310,1808,2019
Eswatini,14.3,35,2019
Ethiopia,3529,661,2019
Fiji,1345,174,2019
Finland,5944,6841,2019
France,70776,59751,2019
French Guiana,..,..,2019
French Polynesia,..,..,2019
Gabon,..,..,2019
Gambia,157,10,2019
Georgia,3551,1124,2019
Germany,41779,93097,2019
Ghana,1490,1380,2019
Greece,23003,4211,2019
Grenada,..,52,2019
Guadeloupe,..,..,2019
Guam,..,..,2019
Guatemala,1227.2,1128,2019
Guinea,10.4,419.5,2019
Guinea-Bissau,18.92,88.9,2019
Guyana,..,..,2019
Haiti,..,179,2019
Honduras,558,655,2019
"Hong Kong, China",32697,..,2019
Hungary,10225,3352,2019
Iceland,..,..,2019
India,31661,28595,2019
Indonesia,18405,14449,2019
"Iran, Islamic Republic Of",..,..,2019
Iraq,3593,10925,2019
Ireland,14808,8156,2019
Israel,8459,10389,2019
Italy,51910,37908,2019
Jamaica,..,508,2019
Japan,49209,29146,2019
Jordan,6765,1569,2019
Kazakhstan,2915,2927,2019
Kenya,1762,..,2019
Kiribati,..,..,2019
"Korea, Democratic People�S Republic Of",..,..,2019
"Korea, Republic Of",25456,35339,2019
Kuwait,1198,15839,2019
Kyrgyzstan,708,519,2019
Lao People�S Democratic Republic,974,1029,2019
Latvia,..,..,2019
Lebanon,8717,6495,2019
Lesotho,..,323,2019
Liberia,..,..,2019
Libya,..,2913,2019
Liechtenstein,..,..,2019
Lithuania,..,..,2019
Luxembourg,6309.3102,3680.762781,2019
"Macao, China",41166,2034,2019
Madagascar,951,319,2019
Malawi,41,168,2019
Malaysia,22200,13694,2019
Maldives,3171,431,2019
Mali,235,260,2019
Malta,..,..,2019
Marshall Islands,..,..,2019
Martinique,549,..,2019
Mauritania,13.7,56,2019
Mauritius,2024,656,2019
Mexico,25847,12300,2019
"Micronesia, Federated States Of",..,..,2019
"Moldova, Republic Of",521.3,479.2,2019
Monaco,..,..,2019
Mongolia,605,1036,2019
Montenegro,1276,72,2019
Montserrat,12.6,7.4,2019
Morocco,9949,3102,2019
Mozambique,324,99,2019
Myanmar,2501,214,2019
Namibia,451,118,2019
Nauru,..,..,2019
Nepal,801,713,2019
Netherlands,23723.9,22547.4,2019
New Caledonia,..,..,2019
New Zealand,..,..,2019
Nicaragua,..,312,2019
Niger,130,144.5,2019
Nigeria,1471,16406,2019
Niue,..,..,2019
North Macedonia,401,302,2019
Northern Mariana Islands,..,..,2019
Norway,7390,17247,2019
Oman,3077,3406,2019
Pakistan,992,2998,2019
Palau,..,..,2019
Panama,7051,1633,2019
Papua New Guinea,..,..,2019
Paraguay,409,552,2019
Peru,4703,3627.4,2019
Philippines,11455,12926,2019
Poland,16011,10219,2019
Portugal,24592,6823,2019
Puerto Rico,3612,..,2019
Qatar,15647,12528,2019
Reunion,459,..,2019
Romania,4240,7172,2019
Russian Federation,17288,38773,2019
Rwanda,635.9,382.8,2019
Saba,..,..,2019
Saint Kitts And Nevis,..,67,2019
Saint Lucia,..,92,2019
Saint Vincent And The Grenadines,246,37,2019
Samoa,206.1,5.2,2019
San Marino,..,..,2019
Sao Tome And Principe,..,..,2019
Saudi Arabia,19849,16415,2019
Senegal,..,..,2019
Serbia,2000,2000,2019
Serbia And Montenegro,..,..,2019
Seychelles,618,109,2019
Sierra Leone,..,83,2019
Singapore,..,..,2019
Sint Eustatius,..,..,2019
Sint Maarten (Dutch Part),708,77,2019
Slovakia,3350,2797,2019
Slovenia,3353.1,1771.7,2019
Solomon Islands,82,62.5,2019
Somalia,..,..,2019
South Africa,9064,5551,2019
South Sudan,..,..,2019
Spain,..,..,2019
Sri Lanka,4663,2436,2019
State Of Palestine,..,1448,2019
Sudan,..,..,2019
Suriname,64,94,2019
Sweden,..,..,2019
Switzerland,21367,21213,2019
Syrian Arab Republic,..,..,2019
Taiwan Province Of China,17102,22890,2019
Tajikistan,179.1,28.4,2019
"Tanzania, United Republic Of",2624.5,738.2,2019
Thailand,64371,14969,2019
Timor-Leste,..,110,2019
Togo,264,61,2019
Tonga,57.1,44,2019
Trinidad And Tobago,481,133,2019
Tunisia,2683,889,2019
T�rkiye,41313,5262,2019
Turkmenistan,..,..,2019
Turks And Caicos Islands,..,..,2019
Tuvalu,8.7,9.8,2019
Uganda,1400,596,2019
Ukraine,2595,8907,2019
United Arab Emirates,38413.3,18382,2019
United Kingdom,..,..,2019
United States Of America,239065,185067,2019
United States Virgin Islands,1031,..,2019
Uruguay,2335,1424,2019
Uzbekistan,1679,2753,2019
Vanuatu,295,32,2019
"Venezuela, Bolivarian Republic Of",..,..,2019
Viet Nam,11830,6460,2019
Yemen,..,..,2019
Zambia,..,511,2019
Zimbabwe,285,257,2019
Afghanistan,75,49,2020
Albania,1243,805,2020
Algeria,50,272,2020
American Samoa,..,..,2020
Andorra,1351,132.4,2020
Angola,19,691,2020
Anguilla,51,5.4,2020
Antigua And Barbuda,430,47,2020
Argentina,1794,3299,2020
Armenia,297,301,2020
Aruba,1079,307,2020
Australia,26235,7817,2020
Austria,15194,5166,2020
Azerbaijan,340,439,2020
Bahamas,972,166,2020
Bahrain,724,844,2020
Bangladesh,217.9,618,2020
Barbados,577,..,2020
Belarus,541,478,2020
Belgium,7447,13928,2020
Belize,..,22.04,2020
Benin,202.6,79,2020
Bermuda,94,212,2020
Bhutan,84,50,2020
"Bolivia, Plurinational State Of",239.9,327.2,2020
Bonaire,..,..,2020
Bosnia And Herzegovina,443,189,2020
Botswana,258,91.8,2020
Brazil,3099,6490,2020
British Virgin Islands,..,..,2020
Brunei Darussalam,..,..,2020
Bulgaria,1792,1263,2020
Burkina Faso,128,135,2020
Burundi,..,..,2020
Cabo Verde,169,63,2020
Cambodia,1119,213,2020
Cameroon,437,697,2020
Canada,..,..,2020
Cayman Islands,260,157,2020
Central African Republic,..,..,2020
Chad,..,..,2020
Chile,1034,720,2020
China,..,..,2020
Colombia,1932,1540,2020
Comoros,18.5,43,2020
Congo,6,72,2020
"Congo, Democratic Republic Of The",..,..,2020
Cook Islands,..,..,2020
Costa Rica,1450,677,2020
Cote D�Ivoire,199.3,324,2020
Croatia,5627,789,2020
Cuba,1152,..,2020
Cura�ao,282,127,2020
Cyprus,694,698,2020
Czech Republic (Czechia),3853,3447,2020
Denmark,..,..,2020
Djibouti,..,..,2020
Dominica,..,8,2020
Dominican Republic,..,441,2020
Ecuador,705,533,2020
Egypt,4874,2568,2020
El Salvador,755,168,2020
Equatorial Guinea,..,..,2020
Eritrea,..,..,2020
Estonia,865,676,2020
Eswatini,7.3,36.4,2020
Ethiopia,2282,322.5,2020
Fiji,237,77,2020
Finland,1757,1940,2020
France,35958,31193,2020
French Guiana,..,..,2020
French Polynesia,..,..,2020
Gabon,..,..,2020
Gambia,53,3.7,2020
Georgia,586,292,2020
Germany,22068,38752,2020
Ghana,191,946,2020
Greece,6193,1500,2020
Grenada,..,14,2020
Guadeloupe,..,..,2020
Guam,..,..,2020
Guatemala,300.5,346,2020
Guinea,1.29,1075.1,2020
Guinea-Bissau,2.9,53.1,2020
Guyana,..,..,2020
Haiti,..,46,2020
Honduras,157,200,2020
"Hong Kong, China",..,..,2020
Hungary,4223,1325,2020
Iceland,..,..,2020
India,13413,15777,2020
Indonesia,3603,2075,2020
"Iran, Islamic Republic Of",..,..,2020
Iraq,955,4172,2020
Ireland,4160,2334,2020
Israel,2661,2175,2020
Italy,20317,12977,2020
Jamaica,..,291,2020
Japan,11396,6762,2020
Jordan,1745,408,2020
Kazakhstan,585,866,2020
Kenya,739,..,2020
Kiribati,..,..,2020
"Korea, Democratic People�S Republic Of",..,..,2020
"Korea, Republic Of",11524,16647,2020
Kuwait,526,6831,2020
Kyrgyzstan,195,185,2020
Lao People�S Democratic Republic,227,260,2020
Latvia,..,..,2020
Lebanon,2369,1699,2020
Lesotho,..,272,2020
Liberia,..,..,2020
Libya,..,..,2020
Liechtenstein,..,..,2020
Lithuania,..,..,2020
Luxembourg,5103.141468,2813.323819,2020
"Macao, China",9442,886,2020
Madagascar,202,97,2020
Malawi,28,130,2020
Malaysia,3373,5190,2020
Maldives,1408,126,2020
Mali,82.3,155,2020
Malta,..,..,2020
Marshall Islands,..,..,2020
Martinique,280,..,2020
Mauritania,6.4,35,2020
Mauritius,518,224,2020
Mexico,11449,4286,2020
"Micronesia, Federated States Of",..,..,2020
"Moldova, Republic Of",353.4,306.5,2020
Monaco,..,..,2020
Mongolia,49,573,2020
Montenegro,180,38,2020
Montserrat,5.4,3.4,2020
Morocco,4514,1509,2020
Mozambique,113,95,2020
Myanmar,..,..,2020
Namibia,155,77,2020
Nauru,..,..,2020
Nepal,238,267,2020
Netherlands,10926.2,7435.7,2020
New Caledonia,..,..,2020
New Zealand,..,..,2020
Nicaragua,..,102,2020
Niger,97,98,2020
Nigeria,321,6613,2020
Niue,..,..,2020
North Macedonia,253,153,2020
Northern Mariana Islands,..,..,2020
Norway,2234,3940,2020
Oman,669,1236,2020
Pakistan,765,1213,2020
Palau,..,..,2020
Panama,1853,602,2020
Papua New Guinea,..,..,2020
Paraguay,98,154,2020
Peru,1002,938,2020
Philippines,2499,4336,2020
Poland,8843,5653,2020
Portugal,10533,3537,2020
Puerto Rico,2921,..,2020
Qatar,14318,11504,2020
Reunion,181,..,2020
Romania,1619,3529,2020
Russian Federation,6029,9731,2020
Rwanda,212,127,2020
Saba,..,..,2020
Saint Kitts And Nevis,..,12,2020
Saint Lucia,..,27,2020
Saint Vincent And The Grenadines,90,12,2020
Samoa,23.06,1.8,2020
San Marino,..,..,2020
Sao Tome And Principe,..,..,2020
Saudi Arabia,4646,9379,2020
Senegal,..,..,2020
Serbia,1430,1179,2020
Serbia And Montenegro,..,..,2020
Seychelles,228,39,2020
Sierra Leone,..,12.1,2020
Singapore,..,..,2020
Sint Eustatius,..,..,2020
Sint Maarten (Dutch Part),243,21,2020
Slovakia,1324,1333,2020
Slovenia,1460.7,857.9,2020
Solomon Islands,7,30.91,2020
Somalia,..,..,2020
South Africa,2716,1466,2020
South Sudan,..,469,2020
Spain,..,..,2020
Sri Lanka,1076,803,2020
State Of Palestine,..,1146,2020
Sudan,..,..,2020
Suriname,19,64,2020
Sweden,..,..,2020
Switzerland,10905,11106,2020
Syrian Arab Republic,..,..,2020
Taiwan Province Of China,2346,3423,2020
Tajikistan,102.4,10.8,2020
"Tanzania, United Republic Of",726,226,2020
Thailand,15368,3686,2020
Timor-Leste,..,61,2020
Togo,151,36,2020
Tonga,47.7,38,2020
Trinidad And Tobago,152,47,2020
Tunisia,1007,407,2020
T�rkiye,13597,1410,2020
Turkmenistan,..,..,2020
Turks And Caicos Islands,..,..,2020
Tuvalu,..,..,2020
Uganda,518,268,2020
Ukraine,669,4823,2020
United Arab Emirates,24615.4,15085,2020
United Kingdom,..,..,2020
United States Of America,84300,47530,2020
United States Virgin Islands,686,..,2020
Uruguay,1082,384,2020
Uzbekistan,395,1062,2020
Vanuatu,58,18.4,2020
"Venezuela, Bolivarian Republic Of",..,..,2020
Viet Nam,3232,4610,2020
Yemen,..,..,2020
Zambia,..,336,2020
Zimbabwe,66,157,2020
Afghanistan,..,..,2021
Albania,2480,1325,2021
Algeria,..,..,2021
American Samoa,..,..,2021
Andorra,..,..,2021
Angola,22.5,800,2021
Anguilla,65,6.7,2021
Antigua And Barbuda,572,50,2021
Argentina,445,1894,2021
Armenia,813,516,2021
Aruba,1783,382,2021
Australia,17132,1797,2021
Austria,11864,8776,2021
Azerbaijan,368,655,2021
Bahamas,2322,..,2021
Bahrain,1886,..,2021
Bangladesh,273,892,2021
Barbados,..,..,2021
Belarus,591,600,2021
Belgium,7615,15536,2021
Belize,..,42.8,2021
Benin,..,..,2021
Bermuda,..,..,2021
Bhutan,..,..,2021
"Bolivia, Plurinational State Of",270,393,2021
Bonaire,..,..,2021
Bosnia And Herzegovina,1003,292,2021
Botswana,294.6,79.4,2021
Brazil,3005,6252,2021
British Virgin Islands,..,..,2021
Brunei Darussalam,30,14.8,2021
Bulgaria,2734,1516,2021
Burkina Faso,..,..,2021
Burundi,..,..,2021
Cabo Verde,144,72,2021
Cambodia,197,54,2021
Cameroon,..,..,2021
Canada,..,..,2021
Cayman Islands,..,..,2021
Central African Republic,..,..,2021
Chad,..,..,2021
Chile,..,..,2021
China,..,..,2021
Colombia,3054,3020,2021
Comoros,..,..,2021
Congo,..,..,2021
"Congo, Democratic Republic Of The",..,..,2021
Cook Islands,..,..,2021
Costa Rica,1707,1001,2021
Cote D�Ivoire,..,..,2021
Croatia,10875.9,1097.6,2021
Cuba,..,..,2021
Cura�ao,..,..,2021
Cyprus,1996,979,2021
Czech Republic (Czechia),3356,3279,2021
Denmark,..,..,2021
Djibouti,..,..,2021
Dominica,..,9,2021
Dominican Republic,..,1093,2021
Ecuador,1063,1343,2021
Egypt,9499,3315,2021
El Salvador,1225,334,2021
Equatorial Guinea,..,..,2021
Eritrea,..,..,2021
Estonia,899,781,2021
Eswatini,8.2,42.4,2021
Ethiopia,..,..,2021
Fiji,66,74.4,2021
Finland,1540,1553,2021
France,44467,38018,2021
French Guiana,..,..,2021
French Polynesia,..,..,2021
Gabon,..,..,2021
Gambia,67,12.4,2021
Georgia,1351,347,2021
Germany,22113,47815,2021
Ghana,..,..,2021
Greece,13666,2221,2021
Grenada,..,15,2021
Guadeloupe,..,..,2021
Guam,..,..,2021
Guatemala,377.1,647,2021
Guinea,12.8,1,2021
Guinea-Bissau,..,..,2021
Guyana,..,..,2021
Haiti,..,57,2021
Honduras,305,424,2021
"Hong Kong, China",..,..,2021
Hungary,5723,1704,2021
Iceland,..,..,2021
India,9135,17838,2021
Indonesia,548,513,2021
"Iran, Islamic Republic Of",..,..,2021
Iraq,..,..,2021
Ireland,3426,1059,2021
Israel,2427,3888,2021
Italy,25908,17192,2021
Jamaica,..,399,2021
Japan,5225,3285,2021
Jordan,3426,981,2021
Kazakhstan,688,1696,2021
Kenya,1222,..,2021
Kiribati,..,..,2021
"Korea, Democratic People�S Republic Of",..,..,2021
"Korea, Republic Of",11084,17177,2021
Kuwait,..,..,2021
Kyrgyzstan,259,214,2021
Lao People�S Democratic Republic,..,..,2021
Latvia,..,..,2021
Lebanon,..,..,2021
Lesotho,..,289.1,2021
Liberia,..,..,2021
Libya,..,..,2021
Liechtenstein,..,..,2021
Lithuania,..,..,2021
Luxembourg,5583.717004,3882.936438,2021
"Macao, China",..,..,2021
Madagascar,..,..,2021
Malawi,29,140,2021
Malaysia,116,3725,2021
Maldives,3490,188,2021
Mali,..,..,2021
Malta,..,..,2021
Marshall Islands,..,..,2021
Martinique,..,..,2021
Mauritania,..,..,2021
Mauritius,383,141.3,2021
Mexico,20570,6707,2021
"Micronesia, Federated States Of",..,..,2021
"Moldova, Republic Of",482.9,412.4,2021
Monaco,..,..,2021
Mongolia,..,..,2021
Montenegro,902,57,2021
Montserrat,1.9,5.2,2021
Morocco,4640.6,1685.6,2021
Mozambique,188,139,2021
Myanmar,..,..,2021
Namibia,142.8,67.6,2021
Nauru,..,..,2021
Nepal,149,403,2021
Netherlands,..,..,2021
New Caledonia,..,..,2021
New Zealand,..,..,2021
Nicaragua,..,139,2021
Niger,..,..,2021
Nigeria,265,5846,2021
Niue,..,..,2021
North Macedonia,387,233,2021
Northern Mariana Islands,..,..,2021
Norway,2310,3951,2021
Oman,..,..,2021
Pakistan,884,1391,2021
Palau,..,..,2021
Panama,3607,835,2021
Papua New Guinea,..,..,2021
Paraguay,66,170,2021
Peru,1043,1521,2021
Philippines,984,3452,2021
Poland,10136,6089,2021
Portugal,13682,4702,2021
Puerto Rico,..,..,2021
Qatar,14830,15675,2021
Reunion,227,..,2021
Romania,3552,6012,2021
Russian Federation,6314,12464,2021
Rwanda,..,..,2021
Saba,..,..,2021
Saint Kitts And Nevis,..,36,2021
Saint Lucia,..,33,2021
Saint Vincent And The Grenadines,47,8,2021
Samoa,0.2,1.1,2021
San Marino,..,..,2021
Sao Tome And Principe,..,..,2021
Saudi Arabia,4639,13130,2021
Senegal,..,..,2021
Serbia,2172,1718,2021
Serbia And Montenegro,..,..,2021
Seychelles,..,..,2021
Sierra Leone,..,..,2021
Singapore,..,..,2021
Sint Eustatius,..,..,2021
Sint Maarten (Dutch Part),..,..,2021
Slovakia,1005,1261,2021
Slovenia,2032,1241,2021
Solomon Islands,..,25.8,2021
Somalia,..,..,2021
South Africa,2113,1669,2021
South Sudan,..,..,2021
Spain,..,..,2021
Sri Lanka,..,..,2021
State Of Palestine,..,698,2021
Sudan,..,..,2021
Suriname,14.2,75,2021
Sweden,..,..,2021
Switzerland,11403,12206,2021
Syrian Arab Republic,..,..,2021
Taiwan Province Of China,901,1423,2021
Tajikistan,98.9,22.8,2021
"Tanzania, United Republic Of",..,..,2021
Thailand,4954,3496,2021
Timor-Leste,..,..,2021
Togo,..,..,2021
Tonga,9.13,19.7,2021
Trinidad And Tobago,60,39,2021
Tunisia,..,..,2021
T�rkiye,28499,2085,2021
Turkmenistan,..,..,2021
Turks And Caicos Islands,..,..,2021
Tuvalu,..,..,2021
Uganda,..,..,2021
Ukraine,1676,6467,2021
United Arab Emirates,..,..,2021
United Kingdom,..,..,2021
United States Of America,82974,73485,2021
United States Virgin Islands,..,..,2021
Uruguay,586,260,2021
Uzbekistan,679,2049,2021
Vanuatu,..,..,2021
"Venezuela, Bolivarian Republic Of",..,..,2021
Viet Nam,149,3830,2021
Yemen,..,..,2021
Zambia,..,430,2021
Zimbabwe,..,..,2021
